<Customization level="0" description="" product-version="5.30">
    <File AppRelativePath="Bin\BatchPaymentSFTPProvider.dll" FileID="27f9eb47-7f1e-4b3e-b9d9-c61699fac3db" />
    <File AppRelativePath="Bin\Renci.SshNet.dll" FileID="af3cc302-9907-487e-9a31-3ee3c35e9631" />
    <Sql TableName="CABatchExt" TableSchemaXml="#CDATA">
        <CDATA name="TableSchemaXml"><![CDATA[<table name="CABatchExt">
  <col name="CompanyID" type="Int" default="Zero" />
  <col name="BatchNbr" type="NVarChar(15)" />
  <col name="DeletedDatabaseRecord" type="Bit" default="Zero" />
  <col name="BatchModule" type="Char(2)" />
  <col name="ProcessingCenterID" type="NVarChar(20)" nullable="true" />
  <col name="FileTransferTime" type="DateTime" nullable="true" />
  <index name="CABatchExt_PK" clustered="true" primary="true" unique="true">
    <col name="CompanyID" />
    <col name="BatchNbr" />
  </index>
</table>]]></CDATA>
    </Sql>
    <Sql TableName="CCProcessingCenter" TableSchemaXml="#CDATA">
        <CDATA name="TableSchemaXml"><![CDATA[<table name="CCProcessingCenter">
  <col name="CompanyID" type="Int" default="Zero" />
  <col name="ProcessingCenterID" type="NVarChar(10)" />
  <col name="Name" type="NVarChar(255)" />
  <col name="IsActive" type="Bit" default="Zero" />
  <col name="CashAccountID" type="Int" />
  <col name="ProcessingTypeName" type="VarChar(255)" nullable="true" />
  <col name="ProcessingAssemblyName" type="VarChar(255)" nullable="true" />
  <col name="CreatedByID" type="UniqueIdentifier" />
  <col name="CreatedByScreenID" type="Char(8)" />
  <col name="CreatedDateTime" type="DateTime" />
  <col name="LastModifiedByID" type="UniqueIdentifier" />
  <col name="LastModifiedByScreenID" type="Char(8)" />
  <col name="LastModifiedDateTime" type="DateTime" />
  <col name="tstamp" type="Timestamp" />
  <col name="OpenTranTimeout" type="Int" nullable="true" />
  <col name="AllowDirectInput" type="Bit" nullable="true" />
  <col name="SyncronizeDeletion" type="Bit" />
  <col name="SyncRetryAttemptsNo" type="Int" nullable="true" />
  <col name="SyncRetryDelayMs" type="Int" nullable="true" />
  <col name="NoteID" type="UniqueIdentifier" nullable="true" />
  <index name="CCProcessingCenter_NoteID">
    <col name="NoteID" />
    <col name="CompanyID" />
  </index>
  <index name="CCProcessingCenter_PK" clustered="true" primary="true" unique="true">
    <col name="CompanyID" />
    <col name="ProcessingCenterID" />
  </index>
</table>]]></CDATA>
    </Sql>
</Customization>