<Customization level="0" description="" product-version="18.202">
    <File AppRelativePath="Bin\BatchPaymentSFTPProvider.dll" />
    <Sql TableName="CABatchExt" TableSchemaXml="#CDATA">
        <CDATA name="TableSchemaXml"><![CDATA[<table name="CABatchExt">
  <col name="CompanyID" type="Int" default="Zero" />
  <col name="BatchNbr" type="NVarChar(15)" />
  <col name="DeletedDatabaseRecord" type="Bit" default="Zero" />
  <col name="BatchModule" type="Char(2)" />
  <col name="ProcessingCenterID" type="NVarChar(20)" nullable="true" />
  <col name="FileTransferTime" type="DateTime" nullable="true" />
  <index name="CABatchExt_PK" clustered="true" primary="true" unique="true">
    <col name="CompanyID" />
    <col name="BatchNbr" />
  </index>
</table>]]></CDATA>
    </Sql>
</Customization>